{
    "1-yolox_nano_640_015": 0.6280148029327393,
    "2-yolox_nano_640_03": 0.5280015468597412,
    "3-yolox_nano_640_045": 0.41799283027648926,
    "4-yolox_nano_960_015": 1.3525664806365967,
    "5-yolox_nano_960_03": 0.9549973011016846,
    "6-yolox_nano_960_045": 0.945002555847168,
    "7-yolox_s_640_015": 1.1335058212280273,
    "8-yolox_s_640_03": 0.831000804901123,
    "9-yolox_s_640_045": 0.8670749664306641,
    "10-yolox_s_960_015": 1.7637298107147217,
    "11-yolox_s_960_03": 1.5750017166137695,
    "12-yolox_s_960_045": 1.5766658782958984,
    "13-yolox_m_640_015": 2.018001079559326,
    "14-yolox_m_640_03": 1.7340028285980225,
    "15-yolox_m_640_045": 1.734001874923706,
    "16-yolox_m_960_015": 3.2289981842041016,
    "17-yolox_m_960_03": 3.1939985752105713,
    "18-yolox_m_960_045": 3.151033878326416
}